<?xml version="1.0" encoding="utf-8" ?>
<component   name="ContentScreen"   extends="Group" initialFocus="markupgrid">
<script type="text/brightscript" uri="pkg:/components/screens/content/ContentScreen.brs" />
<interface>
  <field id="feed_data" type="assocarray" onChange="onFeedChanged" />
  <field id="content_selected" type="assocarray" alias="markupgrid.itemSelected" />
  <field id="selected_category" type="string" onChange="onScreenTitleUpdate" />
  <function name="updateConfig" />
</interface>
<children>
    <Label
      translation="[100, 75]"
      id="header"
      color="0xFFFFFF"
      font="font:LargeBoldSystemFont"
      text="Content Screen" />

    <MarkupGrid
      id = "markupgrid" 
      translation = "[ 100, 160 ]" 
      itemComponentName = "ContentMarkupGridItem" 
      numColumns = "5" 
      numRows = "4" 
      itemSize = "[ 300, 500 ]" 
      itemSpacing = "[ 60, 40 ]" 
      drawFocusFeedback = "true" />

</children>
</component>