<?xml version="1.0" encoding="utf-8" ?>
<component name="category_screen"  extends="Group">
  <script type="text/brightscript" uri="pkg:/components/screens/category_screen.brs" />
  <interface>
    <field id="category_selected" type="assocarray" alias="category_list.itemSelected"/>
  </interface>
  <children>
    <Label
      translation="[75, 150]"
        id="env"
        font="font:LargeBoldSystemFont"
        text="PICK A CATEGORY:"/>
    <RadioButtonList
      id="category_list"
      translation="[100, 200]"
      itemSize="[400,48]"
    >
    <ContentNode id = "categories" role = "content" >
      <category_node title = "Popular" feed_url="http://api.themoviedb.org/3/movie/popular?api_key=4bc08ab955f501a524c27210af4c49f3"/>
      <category_node title = "TopRated" feed_url="http://api.themoviedb.org/3/movie/top_rated?api_key=4bc08ab955f501a524c27210af4c49f3"/>
      <category_node title = "Upcomming" feed_url="http://api.themoviedb.org/3/movie/upcoming?api_key=4bc08ab955f501a524c27210af4c49f3"/>
    </ContentNode>
  </RadioButtonList>
  </children>
</component>
