<?xml version = "1.0" encoding = "utf-8" ?>

<!--********** Copyright 2016 Roku Corp.  All Rights Reserved. **********-->
 
<component name = "RowListItem" extends = "Group" >
 
  <interface > 
    <field id = "itemContent" type = "node" onChange = "showcontent"/>
    <field id = "focusPercent" type = "float" onChange = "showfocus"/> 
    <field id = "rowFocusPercent" type = "float" onChange = "showrowfocus"/>
    <field id = "itemHasFocus" type ="boolean" onChange = "focusChanged"/>
  </interface>
 
  <script type = "text/brightscript" uri = "pkg:/components/screens/data/RowListItem.brs"/>

  <children >

    <Poster 
      id = "itemPoster" 
      translation = "[ 10, 20 ]" 
      width = "288" 
      height = "512" 
      scaleRotateCenter = "[ 144.0, 256.0 ]" >
      <Label
      id = "movieTitle" 
      translation = "[290, 20]"
      visible = "false"
      width = "500" 
      />
      <Label
      id = "movieDescription" 
      translation = "[290, 70]"
      visible = "false"
      width = "450"
      height = "300"
      numLines = "5"
      wrap = "true"
      />
      <Rectangle 
        id = "itemMask" 
        color = "0x000000FF" 
        opacity = "0.75" 
        width = "288" 
        height = "512" 
        scaleRotateCenter = "[ 144.0, 256.0 ]"/>

    </Poster>

    <Label 
      id = "itemLabel" 
      translation = "[ 20, 284 ]" 
      horizAlign = "right" 
      width = "492" 
      opacity = "0.0"/>

  </children>

</component>
