<?xml version="1.0" encoding="UTF-8"?>
<component name="MenuDialog" extends="Group" xsi:noNamespaceSchemaLocation="https://devtools.web.roku.com/schema/RokuSceneGraph.xsd">
    <interface> 
        <field id = "message" type = "string" onChange = "setMessage"/>
        <field id = "title" type = "string" onChange = "setTitle"/>
        <field id = "color" type = "color" onChange = "setColor" value = "0xFFFFFF"/>
        <field id = "spacing" type = "float" onChange = "setSpacing" value = "10"/>
        <field id = "optionsSpacing" type = "roArray" onChange = "setOptinsSpacing"/>
        <field id = "messageFontColor" type = "color" onChange = "setFontColor" value = "0x000000"/>
        <field id = "titleFontColor" type = "color" onChange = "setFontColor" value = "0x000000"/>
        <field id = "optionFontColor" type = "color" value = "0x00FFFF"/>
        <field id = "focusedOptionFontColor" type = "color" value = "0xFF00FF"/>
        <field id = "optionsContent" type = "node" onChange = "setOptions"/>
        <field id = "selectedOption" type = "integer" value = "-1"/>
    </interface>
<script type="text/brightscript" uri = "pkg:/components/xml/menudialog.brs" />
    <children>
            <Rectangle id = "background" opacity = "0.1"/> 
            <Group>
                <Rectangle id = "menubackground"/>
                <Label id = "title"/>
                <Label id = "message"/>
                <MarkupList
                    id = "options"
                    drawFocusFeedback = "false"
                    vertFocusAnimationStyle = "floatingFocus"
                />
            </Group>
    </children>
</component>
