<?xml version="1.0" encoding="utf-8" ?>
<!--********** Copyright 2016 Roku Corp.  All Rights Reserved. **********-->

 
<component name="SimpleListItem" extends="Group">
 
<interface> 
  <field id = "itemContent" type = "node" onChange="itemContentChanged"/>
  
  <field id = "focusPercent" type = "float" onChange = "focusChanged"/>
  <field id = "listHasFocus" type="bool" onChange = "focusChanged"/>
</interface>
 
<script type="text/brightscript" uri = "pkg:/components/xml/SimpleListItem.brs" />

<children> 
  <Label id="itemText" font="font:MediumSystemFont"/>
</children>

</component>
