<?xml version="1.0" encoding="utf-8" ?>
<component name="CategoryScreen"
  extends="Group"
  >
  <script type="text/brightscript" uri="pkg:/components/screens/CategoryScreen.brs" />
  <interface>
    <field id="categorySelected"
          type="assocarray"
          alias="categoryList.itemSelected"
        />
  </interface>
  <children>
    <Label
      translation="[75, 150]"
        id="env"
        font="font:LargeBoldSystemFont"
        text="PICK A CATEGORY:"/>
    <LabelList
      id="categoryList"
      translation="[100, 200]"
      itemSize="[400,48]"
    >
    <ContentNode id = "categories" role = "content" >
      <CategoryNode title = "DRAMA" feedUrl="http://api.themoviedb.org/3/movie/popular?api_key=4bc08ab955f501a524c27210af4c49f3"/>
      <CategoryNode title = "COMEDY" feedUrl="http://api.themoviedb.org/3/movie/top_rated?api_key=4bc08ab955f501a524c27210af4c49f3"/>
      <CategoryNode title = "HORROR" feedUrl="http://api.themoviedb.org/3/movie/upcoming?api_key=4bc08ab955f501a524c27210af4c49f3"/>
    </ContentNode>
  </LabelList>
  </children>
</component>
