<?xml version="1.0" encoding="utf-8" ?>
<component name="CategoryScreen"
  extends="Group"
  >
  <script type="text/brightscript" uri="pkg:/components/screens/CategoryScreen.brs" />
  <children>
    <Label
      translation="[75, 150]"
        id="env"
        font="font:LargeBoldSystemFont"
        text="PICK A CATEGORY:"/>
    <LabelList
      id="categoryList"
      translation="[100, 200]"
      itemSize="[400,48]"
    >
      <ContentNode id = "categories" role = "content" >
        <CategoryNode title = "DRAMA" feedUrl="http://10.0.1.69:8888/roku_lessons/drama.json"/>
        <CategoryNode title = "COMEDY" feedUrl="http://10.0.1.69:8888/roku_lessons/comedy.json"/>
        <CategoryNode title = "HORROR" feedUrl="http://10.0.1.69:8888/roku_lessons/horror.json"/>
      </ContentNode>
    </LabelList>
  </children>
</component>
